{
  "Quest3 (SteamVR)": {
    "LeftPosition": {
      "x": 0.007000086,
      "y": -0.001830461,
      "z": -0.1019484
    },
    "LeftRotationEuler": {
      "x": -20.60196,
      "y": 0.0005315577,
      "z": -0.001159668
    },
    "RightPosition": {
      "x": -0.006998315,
      "y": -0.001828352,
      "z": -0.1019482
    },
    "RightRotationEuler": {
      "x": -20.5997,
      "y": -0.001068115,
      "z": -0.0003662109
    }
  }
}